Fund Name,P1,P2,P3,P4,P5,Performance Score,Rank
M1,0.94,0.88,3.8,40.8,11.61,0.471233759,6
M2,0.77,0.59,5.6,45.4,13.09,0.336332541,7
M3,0.8,0.64,7,57.7,16.54,0.521787201,5
M4,0.67,0.45,3.1,61.6,16.46,0.623983887,3
M5,0.89,0.79,5.9,67.7,18.82,0.732298562,1
M6,0.66,0.44,6.2,62.1,17.35,0.535417764,4
M7,0.73,0.53,6.6,34.5,10.59,0.099857695,8
M8,0.91,0.83,3.2,55.3,15.06,0.706943829,2
